Graph,n,m,Result,Time Taken(ms),,Total(s),=SUM(E:E)/1000
KonigGraph-50-1,100,1254,Not Unique,64
KonigGraph-50-2,100,1257,Unique,69
KonigGraph-50-3,100,1266,Unique,80
KonigGraph-50-4,100,1287,Unique,87
KonigGraph-50-5,100,1302,Unique,73
KonigGraph-50-6,100,1337,Unique,68
KonigGraph-50-7,100,1336,Unique,61
KonigGraph-50-8,100,1369,Unique,66
KonigGraph-50-9,100,1398,Unique,55
KonigGraph-50-10,100,1653,Unique,66
KonigGraph-50-11,100,1892,Unique,72
KonigGraph-50-12,100,2156,Unique,85
KonigGraph-50-13,100,2378,Unique,87
KonigGraph-50-14,100,2649,Unique,90
KonigGraph-50-15,100,2885,Unique,90
KonigGraph-50-16,100,3115,Unique,98
KonigGraph-50-17,100,3366,Unique,106
KonigGraph-50-18,100,1266,Unique,79
KonigGraph-50-19,100,200,Not Unique,22
KonigGraph-50-20,100,203,Unique,27
KonigGraph-50-21,100,212,Unique,42
KonigGraph-50-22,100,233,Unique,28
KonigGraph-50-23,100,248,Unique,28
KonigGraph-50-24,100,283,Unique,31
KonigGraph-50-25,100,282,Unique,35
KonigGraph-50-26,100,315,Unique,33
KonigGraph-50-27,100,344,Unique,32
KonigGraph-50-28,100,599,Unique,42
KonigGraph-50-29,100,838,Unique,43
KonigGraph-50-30,100,1102,Unique,49
KonigGraph-50-31,100,1324,Unique,57
KonigGraph-50-32,100,1595,Unique,67
KonigGraph-50-33,100,1831,Unique,72
KonigGraph-50-34,100,2061,Unique,84
KonigGraph-50-35,100,2312,Unique,84
KonigGraph-50-36,100,212,Unique,44
KonigGraph-50-37,100,200,Not Unique,35
KonigGraph-50-38,100,203,Unique,40
KonigGraph-50-39,100,212,Unique,29
KonigGraph-50-40,100,233,Unique,34
KonigGraph-50-41,100,248,Unique,28
KonigGraph-50-42,100,283,Unique,30
KonigGraph-50-43,100,282,Unique,30
KonigGraph-50-44,100,315,Unique,29
KonigGraph-50-45,100,344,Unique,28
KonigGraph-50-46,100,599,Unique,43
KonigGraph-50-47,100,838,Unique,46
KonigGraph-50-48,100,1102,Unique,53
KonigGraph-50-49,100,1324,Unique,62
KonigGraph-50-50,100,1595,Unique,67
KonigGraph-50-51,100,1831,Unique,79
KonigGraph-50-52,100,2061,Unique,79
KonigGraph-50-53,100,2312,Unique,81
KonigGraph-50-54,100,212,Unique,28
KonigGraph-50-55,100,209,Not Unique,26
KonigGraph-50-56,100,212,Unique,26
KonigGraph-50-57,100,221,Unique,32
KonigGraph-50-58,100,242,Unique,27
KonigGraph-50-59,100,257,Unique,35
KonigGraph-50-60,100,292,Unique,34
KonigGraph-50-61,100,291,Unique,26
KonigGraph-50-62,100,324,Unique,31
KonigGraph-50-63,100,353,Unique,29
KonigGraph-50-64,100,608,Unique,40
KonigGraph-50-65,100,847,Unique,43
KonigGraph-50-66,100,1111,Unique,47
KonigGraph-50-67,100,1333,Unique,53
KonigGraph-50-68,100,1604,Unique,60
KonigGraph-50-69,100,1840,Unique,69
KonigGraph-50-70,100,2070,Unique,71
KonigGraph-50-71,100,2321,Unique,86
KonigGraph-50-72,100,221,Unique,29
KonigGraph-50-73,100,205,Not Unique,25
KonigGraph-50-74,100,208,Unique,27
KonigGraph-50-75,100,217,Unique,28
KonigGraph-50-76,100,238,Unique,33
KonigGraph-50-77,100,253,Unique,27
KonigGraph-50-78,100,288,Unique,31
KonigGraph-50-79,100,287,Unique,28
KonigGraph-50-80,100,320,Unique,40
KonigGraph-50-81,100,349,Unique,26
KonigGraph-50-82,100,604,Unique,41
KonigGraph-50-83,100,843,Unique,40
KonigGraph-50-84,100,1107,Unique,46
KonigGraph-50-85,100,1329,Unique,62
KonigGraph-50-86,100,1600,Unique,62
KonigGraph-50-87,100,1836,Unique,65
KonigGraph-50-88,100,2066,Unique,79
KonigGraph-50-89,100,2317,Unique,83
KonigGraph-50-90,100,217,Unique,37
KonigGraph-50-91,100,218,Not Unique,26
KonigGraph-50-92,100,221,Unique,57
KonigGraph-50-93,100,230,Unique,32
KonigGraph-50-94,100,251,Unique,30
KonigGraph-50-95,100,266,Unique,37
KonigGraph-50-96,100,301,Unique,35
KonigGraph-50-97,100,300,Unique,30
KonigGraph-50-98,100,333,Unique,42
KonigGraph-50-99,100,362,Unique,30
KonigGraph-50-100,100,617,Unique,38
KonigGraph-50-101,100,856,Unique,44
KonigGraph-50-102,100,1120,Unique,53
KonigGraph-50-103,100,1342,Unique,59
KonigGraph-50-104,100,1613,Unique,62
KonigGraph-50-105,100,1849,Unique,66
KonigGraph-50-106,100,2079,Unique,72
KonigGraph-50-107,100,2330,Unique,80
KonigGraph-50-108,100,230,Unique,29
KonigGraph-50-109,100,237,Not Unique,23
KonigGraph-50-110,100,240,Unique,28
KonigGraph-50-111,100,249,Unique,31
KonigGraph-50-112,100,270,Unique,32
KonigGraph-50-113,100,285,Unique,35
KonigGraph-50-114,100,320,Unique,30
KonigGraph-50-115,100,319,Unique,28
KonigGraph-50-116,100,352,Unique,36
KonigGraph-50-117,100,381,Unique,31
KonigGraph-50-118,100,636,Unique,44
KonigGraph-50-119,100,875,Unique,48
KonigGraph-50-120,100,1139,Unique,48
KonigGraph-50-121,100,1361,Unique,60
KonigGraph-50-122,100,1632,Unique,60
KonigGraph-50-123,100,1868,Unique,69
KonigGraph-50-124,100,2098,Unique,79
KonigGraph-50-125,100,2349,Unique,88
KonigGraph-50-126,100,249,Unique,34
KonigGraph-50-127,100,235,Not Unique,29
KonigGraph-50-128,100,238,Unique,27
KonigGraph-50-129,100,247,Unique,34
KonigGraph-50-130,100,268,Unique,33
KonigGraph-50-131,100,283,Unique,28
KonigGraph-50-132,100,318,Unique,32
KonigGraph-50-133,100,317,Unique,29
KonigGraph-50-134,100,350,Unique,39
KonigGraph-50-135,100,379,Unique,34
KonigGraph-50-136,100,634,Unique,43
KonigGraph-50-137,100,873,Unique,45
KonigGraph-50-138,100,1137,Unique,50
KonigGraph-50-139,100,1359,Unique,57
KonigGraph-50-140,100,1630,Unique,62
KonigGraph-50-141,100,1866,Unique,70
KonigGraph-50-142,100,2096,Unique,73
KonigGraph-50-143,100,2347,Unique,79
KonigGraph-50-144,100,247,Unique,31
KonigGraph-50-145,100,246,Not Unique,25
KonigGraph-50-146,100,249,Unique,28
KonigGraph-50-147,100,258,Unique,27
KonigGraph-50-148,100,279,Unique,32
KonigGraph-50-149,100,294,Unique,27
KonigGraph-50-150,100,329,Unique,40
KonigGraph-50-151,100,328,Unique,30
KonigGraph-50-152,100,361,Unique,41
KonigGraph-50-153,100,390,Unique,35
KonigGraph-50-154,100,645,Unique,40
KonigGraph-50-155,100,884,Unique,52
KonigGraph-50-156,100,1148,Unique,53
KonigGraph-50-157,100,1370,Unique,60
KonigGraph-50-158,100,1641,Unique,63
KonigGraph-50-159,100,1877,Unique,68
KonigGraph-50-160,100,2107,Unique,74
KonigGraph-50-161,100,2358,Unique,85
KonigGraph-50-162,100,258,Unique,32
KonigGraph-50-163,100,259,Not Unique,28
KonigGraph-50-164,100,262,Unique,30
KonigGraph-50-165,100,271,Unique,30
KonigGraph-50-166,100,292,Unique,29
KonigGraph-50-167,100,307,Unique,34
KonigGraph-50-168,100,342,Unique,33
KonigGraph-50-169,100,341,Unique,32
KonigGraph-50-170,100,374,Unique,37
KonigGraph-50-171,100,403,Unique,30
KonigGraph-50-172,100,658,Unique,41
KonigGraph-50-173,100,897,Unique,48
KonigGraph-50-174,100,1161,Unique,55
KonigGraph-50-175,100,1383,Unique,69
KonigGraph-50-176,100,1654,Unique,64
KonigGraph-50-177,100,1890,Unique,69
KonigGraph-50-178,100,2120,Unique,78
KonigGraph-50-179,100,2371,Unique,79
KonigGraph-50-180,100,271,Unique,32
KonigGraph-50-181,100,263,Not Unique,31
KonigGraph-50-182,100,266,Unique,32
KonigGraph-50-183,100,275,Unique,33
KonigGraph-50-184,100,296,Unique,35
KonigGraph-50-185,100,311,Unique,35
KonigGraph-50-186,100,346,Unique,33
KonigGraph-50-187,100,345,Unique,29
KonigGraph-50-188,100,378,Unique,46
KonigGraph-50-189,100,407,Unique,32
KonigGraph-50-190,100,662,Unique,37
KonigGraph-50-191,100,901,Unique,40
KonigGraph-50-192,100,1165,Unique,54
KonigGraph-50-193,100,1387,Unique,58
KonigGraph-50-194,100,1658,Unique,66
KonigGraph-50-195,100,1894,Unique,68
KonigGraph-50-196,100,2124,Unique,75
KonigGraph-50-197,100,2375,Unique,81
KonigGraph-50-198,100,275,Unique,30
KonigGraph-50-199,100,399,Not Unique,33
KonigGraph-50-200,100,402,Unique,39
KonigGraph-50-201,100,411,Unique,35
KonigGraph-50-202,100,432,Unique,39
KonigGraph-50-203,100,447,Unique,40
KonigGraph-50-204,100,482,Unique,42
KonigGraph-50-205,100,481,Unique,39
KonigGraph-50-206,100,514,Unique,40
KonigGraph-50-207,100,543,Unique,39
KonigGraph-50-208,100,798,Unique,47
KonigGraph-50-209,100,1037,Unique,49
KonigGraph-50-210,100,1301,Unique,58
KonigGraph-50-211,100,1523,Unique,65
KonigGraph-50-212,100,1794,Unique,70
KonigGraph-50-213,100,2030,Unique,79
KonigGraph-50-214,100,2260,Unique,75
KonigGraph-50-215,100,2511,Unique,81
KonigGraph-50-216,100,411,Unique,38
KonigGraph-50-217,100,524,Not Unique,31
KonigGraph-50-218,100,527,Unique,42
KonigGraph-50-219,100,536,Unique,44
KonigGraph-50-220,100,557,Unique,52
KonigGraph-50-221,100,572,Unique,40
KonigGraph-50-222,100,607,Unique,41
KonigGraph-50-223,100,606,Unique,39
KonigGraph-50-224,100,639,Unique,50
KonigGraph-50-225,100,668,Unique,41
KonigGraph-50-226,100,923,Unique,48
KonigGraph-50-227,100,1162,Unique,56
KonigGraph-50-228,100,1426,Unique,66
KonigGraph-50-229,100,1648,Unique,91
KonigGraph-50-230,100,1919,Unique,76
KonigGraph-50-231,100,2155,Unique,75
KonigGraph-50-232,100,2385,Unique,83
KonigGraph-50-233,100,2636,Unique,90
KonigGraph-50-234,100,536,Unique,42
KonigGraph-50-235,100,626,Not Unique,40
KonigGraph-50-236,100,629,Unique,43
KonigGraph-50-237,100,638,Unique,59
KonigGraph-50-238,100,659,Unique,45
KonigGraph-50-239,100,674,Unique,46
KonigGraph-50-240,100,709,Unique,53
KonigGraph-50-241,100,708,Unique,46
KonigGraph-50-242,100,741,Unique,59
KonigGraph-50-243,100,770,Unique,41
KonigGraph-50-244,100,1025,Unique,53
KonigGraph-50-245,100,1264,Unique,56
KonigGraph-50-246,100,1528,Unique,65
KonigGraph-50-247,100,1750,Unique,74
KonigGraph-50-248,100,2021,Unique,73
KonigGraph-50-249,100,2257,Unique,76
KonigGraph-50-250,100,2487,Unique,82
KonigGraph-50-251,100,2738,Unique,89
KonigGraph-50-252,100,638,Unique,53
KonigGraph-50-253,100,748,Not Unique,42
KonigGraph-50-254,100,751,Unique,50
KonigGraph-50-255,100,760,Unique,57
KonigGraph-50-256,100,781,Unique,51
KonigGraph-50-257,100,796,Unique,51
KonigGraph-50-258,100,831,Unique,49
KonigGraph-50-259,100,830,Unique,48
KonigGraph-50-260,100,863,Unique,53
KonigGraph-50-261,100,892,Unique,46
KonigGraph-50-262,100,1147,Unique,60
KonigGraph-50-263,100,1386,Unique,64
KonigGraph-50-264,100,1650,Unique,67
KonigGraph-50-265,100,1872,Unique,72
KonigGraph-50-266,100,2143,Unique,73
KonigGraph-50-267,100,2379,Unique,76
KonigGraph-50-268,100,2609,Unique,83
KonigGraph-50-269,100,2860,Unique,89
KonigGraph-50-270,100,760,Unique,60
KonigGraph-50-271,100,890,Not Unique,51
KonigGraph-50-272,100,893,Unique,63
KonigGraph-50-273,100,902,Unique,62
KonigGraph-50-274,100,923,Unique,57
KonigGraph-50-275,100,938,Unique,55
KonigGraph-50-276,100,973,Unique,53
KonigGraph-50-277,100,972,Unique,50
KonigGraph-50-278,100,1005,Unique,53
KonigGraph-50-279,100,1034,Unique,46
KonigGraph-50-280,100,1289,Unique,57
KonigGraph-50-281,100,1528,Unique,59
KonigGraph-50-282,100,1792,Unique,69
KonigGraph-50-283,100,2014,Unique,72
KonigGraph-50-284,100,2285,Unique,74
KonigGraph-50-285,100,2521,Unique,87
KonigGraph-50-286,100,2751,Unique,87
KonigGraph-50-287,100,3002,Unique,94
KonigGraph-50-288,100,902,Unique,71
KonigGraph-50-289,100,1011,Not Unique,42
KonigGraph-50-290,100,1014,Unique,68
KonigGraph-50-291,100,1023,Unique,79
KonigGraph-50-292,100,1044,Unique,63
KonigGraph-50-293,100,1059,Unique,62
KonigGraph-50-294,100,1094,Unique,62
KonigGraph-50-295,100,1093,Unique,61
KonigGraph-50-296,100,1126,Unique,65
KonigGraph-50-297,100,1155,Unique,58
KonigGraph-50-298,100,1410,Unique,59
KonigGraph-50-299,100,1649,Unique,63
KonigGraph-50-300,100,1913,Unique,74
KonigGraph-50-301,100,2135,Unique,77
KonigGraph-50-302,100,2406,Unique,79
KonigGraph-50-303,100,2642,Unique,84
KonigGraph-50-304,100,2872,Unique,92
KonigGraph-50-305,100,3123,Unique,92
KonigGraph-50-306,100,1023,Unique,71
KonigGraph-50-307,100,1131,Not Unique,54
KonigGraph-50-308,100,1134,Unique,65
KonigGraph-50-309,100,1143,Unique,65
KonigGraph-50-310,100,1164,Unique,73
KonigGraph-50-311,100,1179,Unique,67
KonigGraph-50-312,100,1214,Unique,62
KonigGraph-50-313,100,1213,Unique,62
KonigGraph-50-314,100,1246,Unique,67
KonigGraph-50-315,100,1275,Unique,51
KonigGraph-50-316,100,1530,Unique,64
KonigGraph-50-317,100,1769,Unique,69
KonigGraph-50-318,100,2033,Unique,81
KonigGraph-50-319,100,2255,Unique,83
KonigGraph-50-320,100,2526,Unique,80
KonigGraph-50-321,100,2762,Unique,84
KonigGraph-50-322,100,2992,Unique,100
KonigGraph-50-323,100,3243,Unique,98
KonigGraph-50-324,100,1143,Unique,80
KonigGraph-100-1,200,13409,Unique,941
KonigGraph-100-2,200,4771,Unique,556
KonigGraph-100-3,200,4806,Unique,605
KonigGraph-100-4,200,4867,Unique,573
KonigGraph-100-5,200,4961,Unique,612
KonigGraph-100-6,200,5005,Unique,493
KonigGraph-100-7,200,5125,Unique,437
KonigGraph-100-8,200,5208,Unique,504
KonigGraph-100-9,200,5380,Unique,495
KonigGraph-100-10,200,5406,Unique,447
KonigGraph-100-11,200,5508,Unique,440
KonigGraph-100-12,200,6477,Unique,471
KonigGraph-100-13,200,7466,Unique,566
KonigGraph-100-14,200,8436,Unique,627
KonigGraph-100-15,200,9444,Unique,631
KonigGraph-100-16,200,10475,Unique,786
KonigGraph-100-17,200,11497,Unique,781
KonigGraph-100-18,200,12429,Unique,837
KonigGraph-100-19,200,9063,Unique,652
KonigGraph-100-20,200,425,Unique,97
KonigGraph-100-21,200,460,Unique,94
KonigGraph-100-22,200,521,Unique,107
KonigGraph-100-23,200,615,Unique,106
KonigGraph-100-24,200,659,Unique,184
KonigGraph-100-25,200,779,Unique,121
KonigGraph-100-26,200,862,Unique,139
KonigGraph-100-27,200,1034,Unique,157
KonigGraph-100-28,200,1060,Unique,145
KonigGraph-100-29,200,1162,Unique,164
KonigGraph-100-30,200,2131,Unique,223
KonigGraph-100-31,200,3120,Unique,283
KonigGraph-100-32,200,4090,Unique,346
KonigGraph-100-33,200,5098,Unique,400
KonigGraph-100-34,200,6129,Unique,490
KonigGraph-100-35,200,7151,Unique,546
KonigGraph-100-36,200,8083,Unique,602
KonigGraph-100-37,200,9072,Unique,648
KonigGraph-100-38,200,434,Unique,100
KonigGraph-100-39,200,469,Unique,122
KonigGraph-100-40,200,530,Unique,104
KonigGraph-100-41,200,624,Unique,110
KonigGraph-100-42,200,668,Unique,154
KonigGraph-100-43,200,788,Unique,124
KonigGraph-100-44,200,871,Unique,126
KonigGraph-100-45,200,1043,Unique,173
KonigGraph-100-46,200,1069,Unique,145
KonigGraph-100-47,200,1171,Unique,172
KonigGraph-100-48,200,2140,Unique,214
KonigGraph-100-49,200,3129,Unique,282
KonigGraph-100-50,200,4099,Unique,345
KonigGraph-100-51,200,5107,Unique,414
KonigGraph-100-52,200,6138,Unique,498
KonigGraph-100-53,200,7160,Unique,545
KonigGraph-100-54,200,8092,Unique,591
KonigGraph-100-55,200,9144,Unique,668
KonigGraph-100-56,200,506,Unique,104
KonigGraph-100-57,200,541,Unique,122
KonigGraph-100-58,200,602,Unique,109
KonigGraph-100-59,200,696,Unique,123
KonigGraph-100-60,200,740,Unique,128
KonigGraph-100-61,200,860,Unique,136
KonigGraph-100-62,200,943,Unique,149
KonigGraph-100-63,200,1115,Unique,163
KonigGraph-100-64,200,1141,Unique,179
KonigGraph-100-65,200,1243,Unique,154
KonigGraph-100-66,200,2212,Unique,220
KonigGraph-100-67,200,3201,Unique,315
KonigGraph-100-68,200,4171,Unique,357
KonigGraph-100-69,200,5179,Unique,395
KonigGraph-100-70,200,6210,Unique,472
KonigGraph-100-71,200,7232,Unique,531
KonigGraph-100-72,200,8164,Unique,598
KonigGraph-100-73,200,9169,Unique,659
KonigGraph-100-74,200,531,Unique,98
KonigGraph-100-75,200,566,Unique,116
KonigGraph-100-76,200,627,Unique,153
KonigGraph-100-77,200,721,Unique,128
KonigGraph-100-78,200,765,Unique,117
KonigGraph-100-79,200,885,Unique,127
KonigGraph-100-80,200,968,Unique,142
KonigGraph-100-81,200,1140,Unique,180
KonigGraph-100-82,200,1166,Unique,151
KonigGraph-100-83,200,1268,Unique,155
KonigGraph-100-84,200,2237,Unique,219
KonigGraph-100-85,200,3226,Unique,322
KonigGraph-100-86,200,4196,Unique,365
KonigGraph-100-87,200,5204,Unique,405
KonigGraph-100-88,200,6235,Unique,469
KonigGraph-100-89,200,7257,Unique,528
KonigGraph-100-90,200,8189,Unique,636
KonigGraph-100-91,200,9194,Unique,652
KonigGraph-100-92,200,556,Unique,120
KonigGraph-100-93,200,591,Unique,114
KonigGraph-100-94,200,652,Unique,131
KonigGraph-100-95,200,746,Unique,149
KonigGraph-100-96,200,790,Unique,125
KonigGraph-100-97,200,910,Unique,139
KonigGraph-100-98,200,993,Unique,151
KonigGraph-100-99,200,1165,Unique,189
KonigGraph-100-100,200,1191,Unique,177
KonigGraph-100-101,200,1293,Unique,176
KonigGraph-100-102,200,2262,Unique,242
KonigGraph-100-103,200,3251,Unique,308
KonigGraph-100-104,200,4221,Unique,360
KonigGraph-100-105,200,5229,Unique,399
KonigGraph-100-106,200,6260,Unique,479
KonigGraph-100-107,200,7282,Unique,533
KonigGraph-100-108,200,8214,Unique,601
KonigGraph-100-109,200,9284,Unique,669
KonigGraph-100-110,200,646,Unique,123
KonigGraph-100-111,200,681,Unique,128
KonigGraph-100-112,200,742,Unique,106
KonigGraph-100-113,200,836,Unique,136
KonigGraph-100-114,200,880,Unique,165
KonigGraph-100-115,200,1000,Unique,136
KonigGraph-100-116,200,1083,Unique,173
KonigGraph-100-117,200,1255,Unique,170
KonigGraph-100-118,200,1281,Unique,152
KonigGraph-100-119,200,1383,Unique,175
KonigGraph-100-120,200,2352,Unique,231
KonigGraph-100-121,200,3341,Unique,320
KonigGraph-100-122,200,4311,Unique,376
KonigGraph-100-123,200,5319,Unique,400
KonigGraph-100-124,200,6350,Unique,514
KonigGraph-100-125,200,7372,Unique,537
KonigGraph-100-126,200,8304,Unique,608
KonigGraph-100-127,200,9280,Unique,658
KonigGraph-100-128,200,642,Unique,122
KonigGraph-100-129,200,677,Unique,128
KonigGraph-100-130,200,738,Unique,156
KonigGraph-100-131,200,832,Unique,153
KonigGraph-100-132,200,876,Unique,142
KonigGraph-100-133,200,996,Unique,142
KonigGraph-100-134,200,1079,Unique,150
KonigGraph-100-135,200,1251,Unique,161
KonigGraph-100-136,200,1277,Unique,151
KonigGraph-100-137,200,1379,Unique,179
KonigGraph-100-138,200,2348,Unique,230
KonigGraph-100-139,200,3337,Unique,314
KonigGraph-100-140,200,4307,Unique,378
KonigGraph-100-141,200,5315,Unique,398
KonigGraph-100-142,200,6346,Unique,482
KonigGraph-100-143,200,7368,Unique,544
KonigGraph-100-144,200,8300,Unique,598
KonigGraph-100-145,200,9361,Unique,661
KonigGraph-100-146,200,723,Unique,133
KonigGraph-100-147,200,758,Unique,134
KonigGraph-100-148,200,819,Unique,134
KonigGraph-100-149,200,913,Unique,134
KonigGraph-100-150,200,957,Unique,148
KonigGraph-100-151,200,1077,Unique,166
KonigGraph-100-152,200,1160,Unique,170
KonigGraph-100-153,200,1332,Unique,198
KonigGraph-100-154,200,1358,Unique,176
KonigGraph-100-155,200,1460,Unique,169
KonigGraph-100-156,200,2429,Unique,239
KonigGraph-100-157,200,3418,Unique,327
KonigGraph-100-158,200,4388,Unique,374
KonigGraph-100-159,200,5396,Unique,443
KonigGraph-100-160,200,6427,Unique,479
KonigGraph-100-161,200,7449,Unique,554
KonigGraph-100-162,200,8381,Unique,611
KonigGraph-100-163,200,9393,Unique,704
KonigGraph-100-164,200,755,Unique,132
KonigGraph-100-165,200,790,Unique,133
KonigGraph-100-166,200,851,Unique,131
KonigGraph-100-167,200,945,Unique,135
KonigGraph-100-168,200,989,Unique,165
KonigGraph-100-169,200,1109,Unique,153
KonigGraph-100-170,200,1192,Unique,213
KonigGraph-100-171,200,1364,Unique,195
KonigGraph-100-172,200,1390,Unique,222
KonigGraph-100-173,200,1492,Unique,176
KonigGraph-100-174,200,2461,Unique,257
KonigGraph-100-175,200,3450,Unique,321
KonigGraph-100-176,200,4420,Unique,373
KonigGraph-100-177,200,5428,Unique,423
KonigGraph-100-178,200,6459,Unique,491
KonigGraph-100-179,200,7481,Unique,558
KonigGraph-100-180,200,8413,Unique,604
KonigGraph-100-181,200,9461,Unique,671
KonigGraph-100-182,200,823,Unique,178
KonigGraph-100-183,200,858,Unique,141
KonigGraph-100-184,200,919,Unique,169
KonigGraph-100-185,200,1013,Unique,135
KonigGraph-100-186,200,1057,Unique,150
KonigGraph-100-187,200,1177,Unique,163
KonigGraph-100-188,200,1260,Unique,149
KonigGraph-100-189,200,1432,Unique,185
KonigGraph-100-190,200,1458,Unique,170
KonigGraph-100-191,200,1560,Unique,186
KonigGraph-100-192,200,2529,Unique,242
KonigGraph-100-193,200,3518,Unique,345
KonigGraph-100-194,200,4488,Unique,375
KonigGraph-100-195,200,5496,Unique,422
KonigGraph-100-196,200,6527,Unique,477
KonigGraph-100-197,200,7549,Unique,559
KonigGraph-100-198,200,8481,Unique,648
KonigGraph-100-199,200,9944,Unique,701
KonigGraph-100-200,200,1306,Unique,173
KonigGraph-100-201,200,1341,Unique,213
KonigGraph-100-202,200,1402,Unique,238
KonigGraph-100-203,200,1496,Unique,188
KonigGraph-100-204,200,1540,Unique,217
KonigGraph-100-205,200,1660,Unique,212
KonigGraph-100-206,200,1743,Unique,202
KonigGraph-100-207,200,1915,Unique,215
KonigGraph-100-208,200,1941,Unique,206
KonigGraph-100-209,200,2043,Unique,197
KonigGraph-100-210,200,3012,Unique,258
KonigGraph-100-211,200,4001,Unique,352
KonigGraph-100-212,200,4971,Unique,407
KonigGraph-100-213,200,5979,Unique,454
KonigGraph-100-214,200,7010,Unique,553
KonigGraph-100-215,200,8032,Unique,595
KonigGraph-100-216,200,8964,Unique,662
KonigGraph-100-217,200,10440,Unique,745
KonigGraph-100-218,200,1802,Unique,233
KonigGraph-100-219,200,1837,Unique,328
KonigGraph-100-220,200,1898,Unique,294
KonigGraph-100-221,200,1992,Unique,247
KonigGraph-100-222,200,2036,Unique,260
KonigGraph-100-223,200,2156,Unique,276
KonigGraph-100-224,200,2239,Unique,266
KonigGraph-100-225,200,2411,Unique,263
KonigGraph-100-226,200,2437,Unique,259
KonigGraph-100-227,200,2539,Unique,292
KonigGraph-100-228,200,3508,Unique,283
KonigGraph-100-229,200,4497,Unique,391
KonigGraph-100-230,200,5467,Unique,441
KonigGraph-100-231,200,6475,Unique,477
KonigGraph-100-232,200,7506,Unique,541
KonigGraph-100-233,200,8528,Unique,602
KonigGraph-100-234,200,9460,Unique,672
KonigGraph-100-235,200,10908,Unique,771
KonigGraph-100-236,200,2270,Unique,291
KonigGraph-100-237,200,2305,Unique,313
KonigGraph-100-238,200,2366,Unique,327
KonigGraph-100-239,200,2460,Unique,307
KonigGraph-100-240,200,2504,Unique,268
KonigGraph-100-241,200,2624,Unique,270
KonigGraph-100-242,200,2707,Unique,291
KonigGraph-100-243,200,2879,Unique,302
KonigGraph-100-244,200,2905,Unique,292
KonigGraph-100-245,200,3007,Unique,275
KonigGraph-100-246,200,3976,Unique,318
KonigGraph-100-247,200,4965,Unique,403
KonigGraph-100-248,200,5935,Unique,471
KonigGraph-100-249,200,6943,Unique,509
KonigGraph-100-250,200,7974,Unique,622
KonigGraph-100-251,200,8996,Unique,684
KonigGraph-100-252,200,9928,Unique,687
KonigGraph-100-253,200,11446,Unique,808
KonigGraph-100-254,200,2808,Unique,305
KonigGraph-100-255,200,2843,Unique,423
KonigGraph-100-256,200,2904,Unique,353
KonigGraph-100-257,200,2998,Unique,352
KonigGraph-100-258,200,3042,Unique,381
KonigGraph-100-259,200,3162,Unique,305
KonigGraph-100-260,200,3245,Unique,308
KonigGraph-100-261,200,3417,Unique,348
KonigGraph-100-262,200,3443,Unique,325
KonigGraph-100-263,200,3545,Unique,334
KonigGraph-100-264,200,4514,Unique,346
KonigGraph-100-265,200,5503,Unique,492
KonigGraph-100-266,200,6473,Unique,507
KonigGraph-100-267,200,7481,Unique,543
KonigGraph-100-268,200,8512,Unique,605
KonigGraph-100-269,200,9534,Unique,670
KonigGraph-100-270,200,10466,Unique,723
KonigGraph-100-271,200,11948,Unique,848
KonigGraph-100-272,200,3310,Unique,327
KonigGraph-100-273,200,3345,Unique,464
KonigGraph-100-274,200,3406,Unique,365
KonigGraph-100-275,200,3500,Unique,385
KonigGraph-100-276,200,3544,Unique,409
KonigGraph-100-277,200,3664,Unique,349
KonigGraph-100-278,200,3747,Unique,406
KonigGraph-100-279,200,3919,Unique,378
KonigGraph-100-280,200,3945,Unique,343
KonigGraph-100-281,200,4047,Unique,331
KonigGraph-100-282,200,5016,Unique,461
KonigGraph-100-283,200,6005,Unique,468
KonigGraph-100-284,200,6975,Unique,545
KonigGraph-100-285,200,7983,Unique,557
KonigGraph-100-286,200,9014,Unique,666
KonigGraph-100-287,200,10036,Unique,718
KonigGraph-100-288,200,10968,Unique,742
KonigGraph-100-289,200,12398,Unique,843
KonigGraph-100-290,200,3760,Unique,494
KonigGraph-100-291,200,3795,Unique,523
KonigGraph-100-292,200,3856,Unique,501
KonigGraph-100-293,200,3950,Unique,432
KonigGraph-100-294,200,3994,Unique,416
KonigGraph-100-295,200,4114,Unique,387
KonigGraph-100-296,200,4197,Unique,414
KonigGraph-100-297,200,4369,Unique,396
KonigGraph-100-298,200,4395,Unique,384
KonigGraph-100-299,200,4497,Unique,348
KonigGraph-100-300,200,5466,Unique,475
KonigGraph-100-301,200,6455,Unique,495
KonigGraph-100-302,200,7425,Unique,550
KonigGraph-100-303,200,8433,Unique,597
KonigGraph-100-304,200,9464,Unique,692
KonigGraph-100-305,200,10486,Unique,725
KonigGraph-100-306,200,11418,Unique,781
KonigGraph-100-307,200,12898,Unique,869
KonigGraph-100-308,200,4260,Unique,467
KonigGraph-100-309,200,4295,Unique,574
KonigGraph-100-310,200,4356,Unique,561
KonigGraph-100-311,200,4450,Unique,501
KonigGraph-100-312,200,4494,Unique,532
KonigGraph-100-313,200,4614,Unique,429
KonigGraph-100-314,200,4697,Unique,408
KonigGraph-100-315,200,4869,Unique,449
KonigGraph-100-316,200,4895,Unique,402
KonigGraph-100-317,200,4997,Unique,381
KonigGraph-100-318,200,5966,Unique,428
KonigGraph-100-319,200,6955,Unique,519
KonigGraph-100-320,200,7925,Unique,593
KonigGraph-100-321,200,8933,Unique,621
KonigGraph-100-322,200,9964,Unique,746
KonigGraph-100-323,200,10986,Unique,755
KonigGraph-100-324,200,11918,Unique,806
KonigGraph-150-1,300,29287,Unique,3546
KonigGraph-150-2,300,9411,Unique,2019
KonigGraph-150-3,300,9527,Unique,2001
KonigGraph-150-4,300,9791,Unique,2019
KonigGraph-150-5,300,9983,Unique,1655
KonigGraph-150-6,300,10136,Unique,1460
KonigGraph-150-7,300,10419,Unique,1499
KonigGraph-150-8,300,10625,Unique,1445
KonigGraph-150-9,300,10826,Unique,1474
KonigGraph-150-10,300,11040,Unique,1508
KonigGraph-150-11,300,11340,Unique,1480
KonigGraph-150-12,300,13539,Unique,1679
KonigGraph-150-13,300,15787,Unique,1959
KonigGraph-150-14,300,18102,Unique,2367
KonigGraph-150-15,300,20270,Unique,2654
KonigGraph-150-16,300,22503,Unique,2921
KonigGraph-150-17,300,24690,Unique,2999
KonigGraph-150-18,300,26950,Unique,3245
KonigGraph-150-19,300,30406,Unique,3633
KonigGraph-150-20,300,10530,Unique,2215
KonigGraph-150-21,300,10646,Unique,2144
KonigGraph-150-22,300,10910,Unique,2151
KonigGraph-150-23,300,11102,Unique,1608
KonigGraph-150-24,300,11255,Unique,1732
KonigGraph-150-25,300,11538,Unique,1720
KonigGraph-150-26,300,11744,Unique,1513
KonigGraph-150-27,300,11945,Unique,1508
KonigGraph-150-28,300,12159,Unique,1793
KonigGraph-150-29,300,12459,Unique,1574
KonigGraph-150-30,300,14658,Unique,1805
KonigGraph-150-31,300,16906,Unique,2146
KonigGraph-150-32,300,19221,Unique,2441
KonigGraph-150-33,300,21389,Unique,2765
KonigGraph-150-34,300,23622,Unique,3054
KonigGraph-150-35,300,25809,Unique,3122
KonigGraph-150-36,300,28069,Unique,3419
KonigGraph-150-37,300,20520,Unique,2672
KonigGraph-150-38,300,644,Unique,365
KonigGraph-150-39,300,760,Unique,316
KonigGraph-150-40,300,1024,Unique,278
KonigGraph-150-41,300,1216,Unique,346
KonigGraph-150-42,300,1369,Unique,308
KonigGraph-150-43,300,1652,Unique,419
KonigGraph-150-44,300,1858,Unique,564
KonigGraph-150-45,300,2059,Unique,396
KonigGraph-150-46,300,2273,Unique,421
KonigGraph-150-47,300,2573,Unique,496
KonigGraph-150-48,300,4772,Unique,767
KonigGraph-150-49,300,7020,Unique,1000
KonigGraph-150-50,300,9335,Unique,1333
KonigGraph-150-51,300,11503,Unique,1695
KonigGraph-150-52,300,13736,Unique,1973
KonigGraph-150-53,300,15923,Unique,2084
KonigGraph-150-54,300,18183,Unique,2361
KonigGraph-150-55,300,20606,Unique,2614
KonigGraph-150-56,300,730,Unique,236
KonigGraph-150-57,300,846,Unique,252
KonigGraph-150-58,300,1110,Unique,295
KonigGraph-150-59,300,1302,Unique,421
KonigGraph-150-60,300,1455,Unique,389
KonigGraph-150-61,300,1738,Unique,438
KonigGraph-150-62,300,1944,Unique,562
KonigGraph-150-63,300,2145,Unique,580
KonigGraph-150-64,300,2359,Unique,484
KonigGraph-150-65,300,2659,Unique,512
KonigGraph-150-66,300,4858,Unique,819
KonigGraph-150-67,300,7106,Unique,1130
KonigGraph-150-68,300,9421,Unique,1469
KonigGraph-150-69,300,11589,Unique,1631
KonigGraph-150-70,300,13822,Unique,2045
KonigGraph-150-71,300,16009,Unique,2232
KonigGraph-150-72,300,18269,Unique,2432
KonigGraph-150-73,300,20685,Unique,2668
KonigGraph-150-74,300,809,Unique,378
KonigGraph-150-75,300,925,Unique,270
KonigGraph-150-76,300,1189,Unique,295
KonigGraph-150-77,300,1381,Unique,460
KonigGraph-150-78,300,1534,Unique,353
KonigGraph-150-79,300,1817,Unique,446
KonigGraph-150-80,300,2023,Unique,486
KonigGraph-150-81,300,2224,Unique,465
KonigGraph-150-82,300,2438,Unique,513
KonigGraph-150-83,300,2738,Unique,513
KonigGraph-150-84,300,4937,Unique,788
KonigGraph-150-85,300,7185,Unique,1148
KonigGraph-150-86,300,9500,Unique,1496
KonigGraph-150-87,300,11668,Unique,1670
KonigGraph-150-88,300,13901,Unique,1959
KonigGraph-150-89,300,16088,Unique,2165
KonigGraph-150-90,300,18348,Unique,2466
KonigGraph-150-91,300,20800,Unique,2745
KonigGraph-150-92,300,924,Unique,252
KonigGraph-150-93,300,1040,Unique,337
KonigGraph-150-94,300,1304,Unique,346
KonigGraph-150-95,300,1496,Unique,364
KonigGraph-150-96,300,1649,Unique,345
KonigGraph-150-97,300,1932,Unique,418
KonigGraph-150-98,300,2138,Unique,594
KonigGraph-150-99,300,2339,Unique,469
KonigGraph-150-100,300,2553,Unique,520
KonigGraph-150-101,300,2853,Unique,509
KonigGraph-150-102,300,5052,Unique,843
KonigGraph-150-103,300,7300,Unique,1164
KonigGraph-150-104,300,9615,Unique,1416
KonigGraph-150-105,300,11783,Unique,1688
KonigGraph-150-106,300,14016,Unique,1998
KonigGraph-150-107,300,16203,Unique,2153
KonigGraph-150-108,300,18463,Unique,2412
KonigGraph-150-109,300,20920,Unique,2660
KonigGraph-150-110,300,1044,Unique,323
KonigGraph-150-111,300,1160,Unique,298
KonigGraph-150-112,300,1424,Unique,451
KonigGraph-150-113,300,1616,Unique,394
KonigGraph-150-114,300,1769,Unique,389
KonigGraph-150-115,300,2052,Unique,436
KonigGraph-150-116,300,2258,Unique,502
KonigGraph-150-117,300,2459,Unique,490
KonigGraph-150-118,300,2673,Unique,572
KonigGraph-150-119,300,2973,Unique,543
KonigGraph-150-120,300,5172,Unique,892
KonigGraph-150-121,300,7420,Unique,1160
KonigGraph-150-122,300,9735,Unique,1515
KonigGraph-150-123,300,11903,Unique,1743
KonigGraph-150-124,300,14136,Unique,2013
KonigGraph-150-125,300,16323,Unique,2152
KonigGraph-150-126,300,18583,Unique,2417
KonigGraph-150-127,300,21068,Unique,2669
KonigGraph-150-128,300,1192,Unique,287
KonigGraph-150-129,300,1308,Unique,335
KonigGraph-150-130,300,1572,Unique,457
KonigGraph-150-131,300,1764,Unique,486
KonigGraph-150-132,300,1917,Unique,378
KonigGraph-150-133,300,2200,Unique,468
KonigGraph-150-134,300,2406,Unique,540
KonigGraph-150-135,300,2607,Unique,495
KonigGraph-150-136,300,2821,Unique,534
KonigGraph-150-137,300,3121,Unique,557
KonigGraph-150-138,300,5320,Unique,881
KonigGraph-150-139,300,7568,Unique,1189
KonigGraph-150-140,300,9883,Unique,1528
KonigGraph-150-141,300,12051,Unique,1737
KonigGraph-150-142,300,14284,Unique,2050
KonigGraph-150-143,300,16471,Unique,2171
KonigGraph-150-144,300,18731,Unique,2458
KonigGraph-150-145,300,21141,Unique,2687
KonigGraph-150-146,300,1265,Unique,339
KonigGraph-150-147,300,1381,Unique,334
KonigGraph-150-148,300,1645,Unique,491
KonigGraph-150-149,300,1837,Unique,431
KonigGraph-150-150,300,1990,Unique,447
KonigGraph-150-151,300,2273,Unique,521
KonigGraph-150-152,300,2479,Unique,646
KonigGraph-150-153,300,2680,Unique,599
KonigGraph-150-154,300,2894,Unique,565
KonigGraph-150-155,300,3194,Unique,593
KonigGraph-150-156,300,5393,Unique,886
KonigGraph-150-157,300,7641,Unique,1249
KonigGraph-150-158,300,9956,Unique,1439
KonigGraph-150-159,300,12124,Unique,1733
KonigGraph-150-160,300,14357,Unique,2046
KonigGraph-150-161,300,16544,Unique,2152
KonigGraph-150-162,300,18804,Unique,2462
KonigGraph-150-163,300,21269,Unique,2726
KonigGraph-150-164,300,1393,Unique,331
KonigGraph-150-165,300,1509,Unique,365
KonigGraph-150-166,300,1773,Unique,411
KonigGraph-150-167,300,1965,Unique,434
KonigGraph-150-168,300,2118,Unique,425
KonigGraph-150-169,300,2401,Unique,454
KonigGraph-150-170,300,2607,Unique,464
KonigGraph-150-171,300,2808,Unique,518
KonigGraph-150-172,300,3022,Unique,502
KonigGraph-150-173,300,3322,Unique,556
KonigGraph-150-174,300,5521,Unique,846
KonigGraph-150-175,300,7769,Unique,1236
KonigGraph-150-176,300,10084,Unique,1571
KonigGraph-150-177,300,12252,Unique,1743
KonigGraph-150-178,300,14485,Unique,2017
KonigGraph-150-179,300,16672,Unique,2172
KonigGraph-150-180,300,18932,Unique,2454
KonigGraph-150-181,300,21328,Unique,2818
KonigGraph-150-182,300,1452,Unique,386
KonigGraph-150-183,300,1568,Unique,387
KonigGraph-150-184,300,1832,Unique,445
KonigGraph-150-185,300,2024,Unique,523
KonigGraph-150-186,300,2177,Unique,447
KonigGraph-150-187,300,2460,Unique,425
KonigGraph-150-188,300,2666,Unique,604
KonigGraph-150-189,300,2867,Unique,550
KonigGraph-150-190,300,3081,Unique,562
KonigGraph-150-191,300,3381,Unique,584
KonigGraph-150-192,300,5580,Unique,896
KonigGraph-150-193,300,7828,Unique,1296
KonigGraph-150-194,300,10143,Unique,1580
KonigGraph-150-195,300,12311,Unique,1762
KonigGraph-150-196,300,14544,Unique,2065
KonigGraph-150-197,300,16731,Unique,2198
KonigGraph-150-198,300,18991,Unique,2468
KonigGraph-150-199,300,21515,Unique,2760
KonigGraph-150-200,300,1639,Unique,387
KonigGraph-150-201,300,1755,Unique,476
KonigGraph-150-202,300,2019,Unique,509
KonigGraph-150-203,300,2211,Unique,470
KonigGraph-150-204,300,2364,Unique,686
KonigGraph-150-205,300,2647,Unique,574
KonigGraph-150-206,300,2853,Unique,572
KonigGraph-150-207,300,3054,Unique,600
KonigGraph-150-208,300,3268,Unique,617
KonigGraph-150-209,300,3568,Unique,665
KonigGraph-150-210,300,5767,Unique,920
KonigGraph-150-211,300,8015,Unique,1301
KonigGraph-150-212,300,10330,Unique,1587
KonigGraph-150-213,300,12498,Unique,1786
KonigGraph-150-214,300,14731,Unique,2091
KonigGraph-150-215,300,16918,Unique,2194
KonigGraph-150-216,300,19178,Unique,2496
KonigGraph-150-217,300,22591,Unique,2851
KonigGraph-150-218,300,2715,Unique,714
KonigGraph-150-219,300,2831,Unique,695
KonigGraph-150-220,300,3095,Unique,624
KonigGraph-150-221,300,3287,Unique,690
KonigGraph-150-222,300,3440,Unique,565
KonigGraph-150-223,300,3723,Unique,640
KonigGraph-150-224,300,3929,Unique,693
KonigGraph-150-225,300,4130,Unique,698
KonigGraph-150-226,300,4344,Unique,756
KonigGraph-150-227,300,4644,Unique,727
KonigGraph-150-228,300,6843,Unique,1051
KonigGraph-150-229,300,9091,Unique,1305
KonigGraph-150-230,300,11406,Unique,1726
KonigGraph-150-231,300,13574,Unique,1908
KonigGraph-150-232,300,15807,Unique,2200
KonigGraph-150-233,300,17994,Unique,2332
KonigGraph-150-234,300,20254,Unique,2597
KonigGraph-150-235,300,23681,Unique,2976
KonigGraph-150-236,300,3805,Unique,879
KonigGraph-150-237,300,3921,Unique,787
KonigGraph-150-238,300,4185,Unique,916
KonigGraph-150-239,300,4377,Unique,878
KonigGraph-150-240,300,4530,Unique,842
KonigGraph-150-241,300,4813,Unique,822
KonigGraph-150-242,300,5019,Unique,850
KonigGraph-150-243,300,5220,Unique,889
KonigGraph-150-244,300,5434,Unique,824
KonigGraph-150-245,300,5734,Unique,937
KonigGraph-150-246,300,7933,Unique,1095
KonigGraph-150-247,300,10181,Unique,1435
KonigGraph-150-248,300,12496,Unique,1828
KonigGraph-150-249,300,14664,Unique,2065
KonigGraph-150-250,300,16897,Unique,2320
KonigGraph-150-251,300,19084,Unique,2402
KonigGraph-150-252,300,21344,Unique,2688
KonigGraph-150-253,300,24839,Unique,3092
KonigGraph-150-254,300,4963,Unique,1126
KonigGraph-150-255,300,5079,Unique,1364
KonigGraph-150-256,300,5343,Unique,1093
KonigGraph-150-257,300,5535,Unique,992
KonigGraph-150-258,300,5688,Unique,854
KonigGraph-150-259,300,5971,Unique,954
KonigGraph-150-260,300,6177,Unique,1027
KonigGraph-150-261,300,6378,Unique,944
KonigGraph-150-262,300,6592,Unique,972
KonigGraph-150-263,300,6892,Unique,1024
KonigGraph-150-264,300,9091,Unique,1329
KonigGraph-150-265,300,11339,Unique,1540
KonigGraph-150-266,300,13654,Unique,1951
KonigGraph-150-267,300,15822,Unique,2166
KonigGraph-150-268,300,18055,Unique,2477
KonigGraph-150-269,300,20242,Unique,2541
KonigGraph-150-270,300,22502,Unique,2785
KonigGraph-150-271,300,25913,Unique,3243
KonigGraph-150-272,300,6037,Unique,1371
KonigGraph-150-273,300,6153,Unique,1375
KonigGraph-150-274,300,6417,Unique,1372
KonigGraph-150-275,300,6609,Unique,1170
KonigGraph-150-276,300,6762,Unique,1134
KonigGraph-150-277,300,7045,Unique,1116
KonigGraph-150-278,300,7251,Unique,1115
KonigGraph-150-279,300,7452,Unique,1038
KonigGraph-150-280,300,7666,Unique,1064
KonigGraph-150-281,300,7966,Unique,1105
KonigGraph-150-282,300,10165,Unique,1473
KonigGraph-150-283,300,12413,Unique,1712
KonigGraph-150-284,300,14728,Unique,1975
KonigGraph-150-285,300,16896,Unique,2284
KonigGraph-150-286,300,19129,Unique,2549
KonigGraph-150-287,300,21316,Unique,2623
KonigGraph-150-288,300,23576,Unique,2868
KonigGraph-150-289,300,27097,Unique,3342
KonigGraph-150-290,300,7221,Unique,1629
KonigGraph-150-291,300,7337,Unique,1429
KonigGraph-150-292,300,7601,Unique,1497
KonigGraph-150-293,300,7793,Unique,1484
KonigGraph-150-294,300,7946,Unique,1298
KonigGraph-150-295,300,8229,Unique,1228
KonigGraph-150-296,300,8435,Unique,1208
KonigGraph-150-297,300,8636,Unique,1047
KonigGraph-150-298,300,8850,Unique,1323
KonigGraph-150-299,300,9150,Unique,1362
KonigGraph-150-300,300,11349,Unique,1417
KonigGraph-150-301,300,13597,Unique,1729
KonigGraph-150-302,300,15912,Unique,2097
KonigGraph-150-303,300,18080,Unique,2401
KonigGraph-150-304,300,20313,Unique,2675
KonigGraph-150-305,300,22500,Unique,2725
KonigGraph-150-306,300,24760,Unique,3022
KonigGraph-150-307,300,28170,Unique,3423
KonigGraph-150-308,300,8294,Unique,1731
KonigGraph-150-309,300,8410,Unique,1867
KonigGraph-150-310,300,8674,Unique,1736
KonigGraph-150-311,300,8866,Unique,1286
KonigGraph-150-312,300,9019,Unique,1562
KonigGraph-150-313,300,9302,Unique,1604
KonigGraph-150-314,300,9508,Unique,1266
KonigGraph-150-315,300,9709,Unique,1245
KonigGraph-150-316,300,9923,Unique,1418
KonigGraph-150-317,300,10223,Unique,1316
KonigGraph-150-318,300,12422,Unique,1535
KonigGraph-150-319,300,14670,Unique,1955
KonigGraph-150-320,300,16985,Unique,2224
KonigGraph-150-321,300,19153,Unique,2507
KonigGraph-150-322,300,21386,Unique,2831
KonigGraph-150-323,300,23573,Unique,2845
KonigGraph-150-324,300,25833,Unique,3102
KonigGraph-50-1,100,1254,Not Unique,92
KonigGraph-50-2,100,1257,Unique,106
KonigGraph-50-3,100,1266,Unique,79
KonigGraph-50-4,100,1287,Unique,87
KonigGraph-50-5,100,1302,Unique,87
KonigGraph-50-6,100,1337,Unique,79
KonigGraph-50-7,100,1336,Unique,83
KonigGraph-50-8,100,1369,Unique,91
KonigGraph-50-9,100,1398,Unique,72
KonigGraph-50-10,100,1653,Unique,86
KonigGraph-50-11,100,1892,Unique,99
KonigGraph-50-12,100,2156,Unique,98
KonigGraph-50-13,100,2378,Unique,110
KonigGraph-50-14,100,2649,Unique,124
KonigGraph-50-15,100,2885,Unique,123
KonigGraph-50-16,100,3115,Unique,126
KonigGraph-50-17,100,3366,Unique,143
KonigGraph-50-18,100,1266,Unique,109
KonigGraph-50-19,100,200,Not Unique,28
KonigGraph-50-20,100,203,Unique,30
KonigGraph-50-21,100,212,Unique,35
KonigGraph-50-22,100,233,Unique,37
KonigGraph-50-23,100,248,Unique,33
KonigGraph-50-24,100,283,Unique,41
KonigGraph-50-25,100,282,Unique,41
KonigGraph-50-26,100,315,Unique,37
KonigGraph-50-27,100,344,Unique,37
KonigGraph-50-28,100,599,Unique,45
KonigGraph-50-29,100,838,Unique,55
KonigGraph-50-30,100,1102,Unique,83
KonigGraph-50-31,100,1324,Unique,82
KonigGraph-50-32,100,1595,Unique,101
KonigGraph-50-33,100,1831,Unique,134
KonigGraph-50-34,100,2061,Unique,143
KonigGraph-50-35,100,2312,Unique,115
KonigGraph-50-36,100,212,Unique,29
KonigGraph-50-37,100,200,Not Unique,28
KonigGraph-50-38,100,203,Unique,30
KonigGraph-50-39,100,212,Unique,38
KonigGraph-50-40,100,233,Unique,38
KonigGraph-50-41,100,248,Unique,34
KonigGraph-50-42,100,283,Unique,38
KonigGraph-50-43,100,282,Unique,32
KonigGraph-50-44,100,315,Unique,39
KonigGraph-50-45,100,344,Unique,40
KonigGraph-50-46,100,599,Unique,41
KonigGraph-50-47,100,838,Unique,58
KonigGraph-50-48,100,1102,Unique,66
KonigGraph-50-49,100,1324,Unique,91
KonigGraph-50-50,100,1595,Unique,108
KonigGraph-100-1,200,13409,Unique,1341
KonigGraph-100-2,200,4771,Unique,732
KonigGraph-100-3,200,4806,Unique,822
KonigGraph-100-4,200,4867,Unique,772
KonigGraph-100-5,200,4961,Unique,609
KonigGraph-100-6,200,5005,Unique,733
KonigGraph-100-7,200,5125,Unique,691
KonigGraph-100-8,200,5208,Unique,584
KonigGraph-100-9,200,5380,Unique,626
KonigGraph-100-10,200,5406,Unique,558
KonigGraph-100-11,200,5508,Unique,555
KonigGraph-100-12,200,6477,Unique,585
KonigGraph-100-13,200,7466,Unique,719
KonigGraph-100-14,200,8436,Unique,692
KonigGraph-100-15,200,9444,Unique,788
KonigGraph-100-16,200,10475,Unique,963
KonigGraph-100-17,200,11497,Unique,1000
KonigGraph-100-18,200,12429,Unique,1170
KonigGraph-100-19,200,9063,Unique,1122
KonigGraph-100-20,200,425,Unique,105
KonigGraph-100-21,200,460,Unique,118
KonigGraph-100-22,200,521,Unique,109
KonigGraph-100-23,200,615,Unique,174
KonigGraph-100-24,200,659,Unique,131
KonigGraph-100-25,200,779,Unique,139
KonigGraph-100-26,200,862,Unique,199
KonigGraph-100-27,200,1034,Unique,195
KonigGraph-100-28,200,1060,Unique,160
KonigGraph-100-29,200,1162,Unique,186
KonigGraph-100-30,200,2131,Unique,249
KonigGraph-100-31,200,3120,Unique,357
KonigGraph-100-32,200,4090,Unique,551
KonigGraph-100-33,200,5098,Unique,755
KonigGraph-100-34,200,6129,Unique,886
KonigGraph-100-35,200,7151,Unique,1018
KonigGraph-100-36,200,8083,Unique,968
KonigGraph-100-37,200,9072,Unique,1338
KonigGraph-100-38,200,434,Unique,111
KonigGraph-100-39,200,469,Unique,104
KonigGraph-100-40,200,530,Unique,115
KonigGraph-100-41,200,624,Unique,141
KonigGraph-100-42,200,668,Unique,126
KonigGraph-100-43,200,788,Unique,166
KonigGraph-100-44,200,871,Unique,186
KonigGraph-100-45,200,1043,Unique,151
KonigGraph-100-46,200,1069,Unique,169
KonigGraph-100-47,200,1171,Unique,173
KonigGraph-100-48,200,2140,Unique,258
KonigGraph-100-49,200,3129,Unique,393
KonigGraph-100-50,200,4099,Unique,586
KonigGraph-150-1,300,29287,Unique,5524
KonigGraph-150-2,300,9411,Unique,2419
KonigGraph-150-3,300,9527,Unique,2618
KonigGraph-150-4,300,9791,Unique,2151
KonigGraph-150-5,300,9983,Unique,1755
KonigGraph-150-6,300,10136,Unique,2053
KonigGraph-150-7,300,10419,Unique,1721
KonigGraph-150-8,300,10625,Unique,1833
KonigGraph-150-9,300,10826,Unique,1591
KonigGraph-150-10,300,11040,Unique,1591
KonigGraph-150-11,300,11340,Unique,1669
KonigGraph-150-12,300,13539,Unique,1990
KonigGraph-150-13,300,15787,Unique,2260
KonigGraph-150-14,300,18102,Unique,2824
KonigGraph-100-1,200,13409,Unique,1265
KonigGraph-100-2,200,4771,Unique,703
KonigGraph-100-3,200,4806,Unique,808
KonigGraph-100-4,200,4867,Unique,730
KonigGraph-100-5,200,4961,Unique,634
KonigGraph-100-6,200,5005,Unique,729
KonigGraph-100-7,200,5125,Unique,633
KonigGraph-100-8,200,5208,Unique,562
KonigGraph-100-9,200,5380,Unique,592
KonigGraph-100-10,200,5406,Unique,541
KonigGraph-100-11,200,5508,Unique,497
KonigGraph-100-12,200,6477,Unique,552
KonigGraph-100-13,200,7466,Unique,676
KonigGraph-100-14,200,8436,Unique,629
KonigGraph-100-15,200,9444,Unique,740
KonigGraph-50-1,100,1254,Not Unique,87
KonigGraph-350-1,700,165540,Unique,102139
KonigGraph-350-2,700,56517,Unique,50527
KonigGraph-350-3,700,57782,Unique,35781
KonigGraph-350-4,700,58960,Unique,34543
KonigGraph-350-1,700,165540,Unique,104088
KonigGraph-350-1,700,165540,Unique,100812
KonigGraph-350-1,700,165540,Unique,119718
KonigGraph-50-1,100,1254,Not Unique,80
KonigGraph-50-1,100,1254,Not Unique,79
data/KonigGraph-50-1,100,1254,Not Unique,49
data/KonigGraph-50-2,100,1257,Unique,46
